{"infos": [{"uid": 218313629, "score_jiekou": 1.467903252709356, "score_view_num": 2.938253089926968, "score_point": 0.6882372540840829, "score_name_certification": 7.5, "score_V_certification": 0, "score_is_grey": 1.5, "score_live_num": 0.6161568878170544, "score_cv_number": 0.6244344957986989, "score_avg_income": 0, "score_is_active": 0, "score_level": 0, "score_total": 13.5178775274609, "score_mutual_fans": 0.5540804302687099, "score_finance": 1.864015392814845, "score_huofen": 0.7133358372288722, "score_is_black": 1, "score_gift_uv": 0.538852416909826, "score_browse": 4.316624398226367, "score_watch_feed_num": 2.5030046134731454, "score_behavior": 6, "score_avg_level": 0.1920466945596516, "score_phone": 6, "score_avg_number": 0.03426017874875869, "score_basic": 18.59450117996617, "score_send_feed_num": 0.823387329841738, "score_social": 2.829918117480992, "score_money": 0.6369257218209361, "score_chat_uv": 0.4775063312413118, "score_gift": 0, "score_is_viewed": 0.8929488241824468, "score_gold": 0, "score_active_num": 6.032016517913605, "score_active": 23.229442837198878 } ], "error_msg": "操作成功", "dm_error": 0 }
